title,author,rating,rank,number_of_reviews,price,cover_type,year,genre
The Lost Symbol,Dan Brown,4.3,1,"28,387",17.0,Hardcover,2009,Fiction
The Shack: Where Tragedy Confronts Eternity,William P. Young,4.6,2,"40,923",10.43,Paperback,2009,Fiction
Liberty and Tyranny: A Conservative Manifesto,Mark R. Levin,4.8,3,"5,306",16.32,Hardcover,2009,Fiction
"Breaking Dawn (The Twilight Saga, Book 4)",Stephenie Meyer,4.7,4,"24,901",9.38,Hardcover,2009,Fiction
Going Rogue: An American Life,Sarah Palin,4.6,5,"1,599",10.0,Hardcover,2009,Non Fiction
StrengthsFinder 2.0,,4.1,6,Gallup,20.96,Hardcover,2009,Fiction
The Help,Kathryn Stockett,4.7,7,"32,363",15.94,Hardcover,2009,Fiction
New Moon (The Twilight Saga),Stephenie Meyer,4.6,8,"20,399",19.99,Paperback,2009,Non Fiction
The Twilight Saga Collection,Stephenie Meyer,4.7,9,"6,840",69.99,Hardcover,2009,Non Fiction
Outliers: The Story of Success,Malcolm Gladwell,4.6,10,"35,368",15.69,Hardcover,2009,Non Fiction
Eclipse (Twilight),Stephenie Meyer,4.7,11,"19,919",16.79,Hardcover,2009,Non Fiction
"Twilight (The Twilight Saga, Book 1)",Stephenie Meyer,4.7,12,"34,220",15.91,Paperback,2009,Non Fiction
"Glenn Beck's Common Sense: The Case Against an Out-of-Control Government, Inspired by Thomas Paine",Glenn Beck,4.5,13,"1,428",9.9,Paperback,2009,Non Fiction
Three Cups of Tea: One Man's Mission to Promote Peace - One School at a Time,Greg Mortenson,4.3,14,"4,205",15.0,Paperback,2009,Non Fiction
The Love Dare,Stephen Kendrick,4.8,15,"3,456",12.99,Paperback,2009,Non Fiction
"Act Like a Lady, Think Like a Man: What Men Really Think About Love, Relationships, Intimacy, and Commitment",Steve Harvey,4.5,16,"8,402",20.97,Hardcover,2009,Non Fiction
"Dog Days (Diary of a Wimpy Kid, Book 4) (Volume 4)",Jeff Kinney,4.6,17,"14,549",13.94,Hardcover,2009,Non Fiction
Under the Dome: A Novel,Stephen King,4.4,18,"12,832",26.11,Hardcover,2009,Non Fiction
The Guernsey Literary and Potato Peel Pie Society,Mary Ann Shaffer,4.6,19,"36,619",12.9,Paperback,2009,Non Fiction
Eat This Not That! Supermarket Survival Guide: The No-Diet Weight Loss Solution,David Zinczenko,4.5,20,949,17.9,Paperback,2009,Fiction
Arguing with Idiots: How to Stop Small Minds and Big Government,Glenn Beck,4.6,21,910,9.64,Hardcover,2009,Fiction
"Mastering the Art of French Cooking, Volume I: 50th Anniversary Edition: A Cookbook",Julia Child,4.8,22,"8,046",31.49,Hardcover,2009,Fiction
Sookie Stackhouse,Charlaine Harris,4.7,23,"1,000",59.99,Mass Market Paperback,2009,Fiction
The Time Traveler's Wife,Audrey Niffenegger,4.4,24,"10,530",12.95,Paperback,2009,Fiction
"Publication Manual of the American Psychological Association, 6th Edition",American Psychological Association,4.5,25,"12,910",19.78,Paperback,2009,Fiction
True Compass: A Memoir,Edward M. Kennedy,4.5,26,577,12.48,Hardcover,2009,Fiction
The Girl with the Dragon Tattoo (The Girl with the Dragon Tattoo Series),Stieg Larsson,4.5,27,"30,923",10.99,Paperback,2009,Non Fiction
The 5000 Year Leap,W. Cleon Skousen,4.8,28,"2,619",11.69,Paperback,2009,Non Fiction
Good to Great: Why Some Companies Make the Leap and Others Don't,Jim Collins,4.5,29,"8,256",14.55,Hardcover,2009,Non Fiction
Eclipse (Twilight Sagas),Stephenie Meyer,4.7,30,"19,919",,Paperback,2009,Non Fiction
The Girl Who Kicked the Hornet's Nest (Millennium Trilogy),Stieg Larsson,4.6,1,"24,773",12.9,Hardcover,2009,Non Fiction
The Girl with the Dragon Tattoo (The Girl with the Dragon Tattoo Series),Stieg Larsson,4.5,2,"30,923",10.99,Paperback,2009,Fiction
Decision Points,George W. Bush,4.6,3,"2,755",15.65,Hardcover,2009,Fiction
The Help,Kathryn Stockett,4.7,4,"32,363",15.94,Hardcover,2009,Non Fiction
The Girl Who Played with Fire: A Lisbeth Salander Novel (The Girl with the Dragon Tattoo Series),Stieg Larsson,4.6,5,"24,975",10.55,Paperback,2009,Non Fiction
"The Ugly Truth (Diary of a Wimpy Kid, Book 5)",Jeff Kinney,4.7,6,"18,866",8.66,Hardcover,2009,Non Fiction
StrengthsFinder 2.0,,4.1,7,Gallup,20.96,Hardcover,2009,Non Fiction
Mockingjay (The Hunger Games),Suzanne Collins,4.6,8,"75,799",11.26,Hardcover,2009,Non Fiction
Women Food and God: An Unexpected Path to Almost Everything,Geneen Roth,4.4,9,"2,618",12.68,Hardcover,2009,Fiction
"Publication Manual of the American Psychological Association, 6th Edition",American Psychological Association,4.5,10,"12,910",19.78,Paperback,2009,Fiction
"Autobiography of Mark Twain, Vol. 1",Mark Twain,4.4,11,624,21.0,Hardcover,2009,Fiction
The Big Short: Inside the Doomsday Machine,Michael Lewis,4.6,12,"15,822",15.66,Hardcover,2009,Fiction
Food Rules: An Eater's Manual,Michael Pollan,4.4,13,"4,435",12.49,Paperback,2009,Non Fiction
"Unbroken: A World War II Story of Survival, Resilience, and Redemption",Laura Hillenbrand,4.7,14,"75,136",15.68,Hardcover,2009,Non Fiction
"Dead in the Family (Sookie Stackhouse/True Blood, Book 10)",Charlaine Harris,4.6,15,"5,037",9.98,Hardcover,2009,Non Fiction
Sh*t My Dad Says,Justin Halpern,4.7,16,"1,806",14.99,Hardcover,2009,Non Fiction
Crazy Love: Overwhelmed by a Relentless God,Francis Chan,4.7,17,"2,247",14.87,Paperback,2009,Fiction
The Short Second Life of Bree Tanner: An Eclipse Novella (The Twilight Saga),Stephenie Meyer,4.7,18,"6,883",13.08,Hardcover,2009,Fiction
Life,Keith Richards,4.5,19,"7,170",,Hardcover,2009,Non Fiction
Cutting for Stone,Abraham Verghese,4.6,20,"12,860",11.29,Paperback,2009,Non Fiction
The Daily Show with Jon Stewart Presents Earth (The Book): A Visitor's Guide to the Human Race,Jon Stewart,4.5,21,589,15.18,Hardcover,2009,Non Fiction
The Official SAT Study Guide,,4.4,22,The College Board,,Paperback,2009,Non Fiction
"Game Change: Obama and the Clintons, McCain and Palin, and the Race of a Lifetime",John Heilemann,4.5,23,"1,920",11.25,Hardcover,2009,Non Fiction
The Immortal Life of Henrietta Lacks,Rebecca Skloot,4.6,24,"27,319",16.5,Hardcover,2009,Non Fiction
"The Lost Hero (Heroes of Olympus, Book 1)",Rick Riordan,4.7,25,"23,622",14.04,Hardcover,2009,Non Fiction
Teach Like a Champion: 49 Techniques that Put Students on the Path to College,Doug Lemov,4.5,26,876,14.03,Paperback,2009,Non Fiction
Outliers: The Story of Success,Malcolm Gladwell,4.6,27,"35,368",15.69,Hardcover,2009,Non Fiction
"Catching Fire (Hunger Games, Book Two): Volume 2",Suzanne Collins,4.7,28,"61,120",14.62,Hardcover,2009,Non Fiction
"The Five Dysfunctions of a Team: A Leadership Fable, 20th Anniversary Edition",,4.6,29,Patrick Lencioni,22.23,Hardcover,2009,Non Fiction
Good to Great: Why Some Companies Make the Leap and Others Don't,Jim Collins,4.5,30,"8,256",14.55,Hardcover,2009,Non Fiction
Steve Jobs,Walter Isaacson,4.7,1,"22,978",17.33,Hardcover,2010,
Heaven is for Real: A Little Boy's Astounding Story of His Trip to Heaven and Back,Todd Burpo,4.6,2,"24,835",10.49,Paperback,2010,Non Fiction
"Cabin Fever (Diary of a Wimpy Kid, Book 6)",Jeff Kinney,4.7,3,"20,481",,Hardcover,2010,Non Fiction
StrengthsFinder 2.0,,4.1,4,Gallup,20.96,Hardcover,2010,Non Fiction
The Hunger Games (Book 1),Suzanne Collins,4.7,5,"76,522",,Paperback,2010,Non Fiction
"Unbroken: A World War II Story of Survival, Resilience, and Redemption",Laura Hillenbrand,4.7,6,"75,136",15.68,Hardcover,2010,Non Fiction
Inheritance: Book IV (Inheritance Cycle),Christopher Paolini,4.7,7,"16,742",15.0,Hardcover,2010,Non Fiction
Go the F**k to Sleep,Adam Mansbach,4.8,8,"21,988",14.35,Hardcover,2010,Non Fiction
Mockingjay (The Hunger Games),Suzanne Collins,4.6,9,"75,799",11.26,Hardcover,2010,Fiction
Game of Thrones Boxed Set: A Game of Thrones/A Clash of Kings/A Storm of Swords/A Feast for Crows,George R.R. Martin,4.7,10,"8,359",42.84,Mass Market Paperback,2010,Fiction
"Catching Fire (Hunger Games, Book Two): Volume 2",Suzanne Collins,4.7,11,"61,120",14.62,Hardcover,2010,Fiction
The 17 Day Diet: A Doctor's Plan Designed for Rapid Results,,4.3,12,Mike Moreno,15.0,Hardcover,2010,
A Dance with Dragons (A Song of Ice and Fire),George R. R. Martin,4.6,13,"47,170",16.0,Hardcover,2010,Non Fiction
"The Son of Neptune (Heroes of Olympus, Book 2)",Rick Riordan,4.8,14,"25,114",11.39,Hardcover,2010,Fiction
Killing Lincoln: The Shocking Assassination that Changed America Forever (Bill O'Reilly's Killing Series),Bill O'Reilly,4.6,15,"15,036",11.26,Hardcover,2010,Fiction
"Publication Manual of the American Psychological Association, 6th Edition",American Psychological Association,4.5,16,"12,910",19.78,Paperback,2010,Fiction
The Help,Kathryn Stockett,4.7,17,"32,363",12.62,Paperback,2010,Fiction
The Immortal Life of Henrietta Lacks,Rebecca Skloot,4.6,18,"27,319",8.88,Paperback,2010,Fiction
11/22/63: A Novel,Stephen King,4.8,19,"3,279",28.88,Hardcover,2010,
The Official SAT Study Guide,,4.4,20,The College Board,,Paperback,2010,Fiction
"Jesus Calling, Padded Hardcover, with Scripture references",Sarah Young,4.9,21,"39,395",8.89,Hardcover,2010,Non Fiction
The Hunger Games Trilogy Boxed Set,Suzanne Collins,4.8,22,"43,306",60.0,Hardcover,2010,Non Fiction
Cutting for Stone,Abraham Verghese,4.6,23,"12,860",11.29,Paperback,2010,Non Fiction
Tina Fey: Bossypants,Tina Fey,4.3,24,"19,969",8.75,Hardcover,2010,Non Fiction
"The 4 Hour Body: An Uncommon Guide to Rapid Fat Loss, Incredible Sex and Becoming Superhuman",Timothy Ferriss,4.4,25,"8,180",15.96,Hardcover,2010,Non Fiction
"In the Garden of Beasts: Love, Terror, and an American Family in Hitler's Berlin",,4.3,26,Eric Larson,15.65,Hardcover,2010,Non Fiction
The 5 Love Languages: The Secret to Love That Lasts,Gary Chapman,4.7,27,"4,912",,Paperback,2010,Non Fiction
Crazy Love: Overwhelmed by a Relentless God,Francis Chan,4.7,28,"2,247",14.87,Paperback,2010,Non Fiction
A Stolen Life: A Memoir,,4.6,29,Jaycee Dugard,17.0,Hardcover,2010,Non Fiction
The Girl Who Kicked the Hornet's Nest (Millennium Trilogy),Stieg Larsson,4.6,30,"24,773",12.9,Hardcover,2010,Non Fiction
"Fifty Shades Of Grey: Book One of the Fifty Shades Trilogy (Fifty Shades of Grey Series, 1)",E L James,4.2,1,"111,129",13.99,Paperback,2010,Non Fiction
Fifty Shades Darker,E L James,4.5,2,"75,359",13.99,Paperback,2010,Fiction
"Fifty Shades Freed: Book Three of the Fifty Shades Trilogy (Fifty Shades of Grey Series) (English Edition) (Fifty Shades Of Grey Series, 3)",E L James,4.5,3,"61,570",13.88,Paperback,2010,Fiction
The Hunger Games (Book 1),Suzanne Collins,4.7,4,"76,522",,Paperback,2010,Fiction
StrengthsFinder 2.0,,4.1,5,Gallup,20.96,Hardcover,2010,Non Fiction
Fifty Shades Trilogy (Fifty Shades of Grey / Fifty Shades Darker / Fifty Shades Freed),E L James,4.6,6,"69,265",21.59,Paperback,2010,Non Fiction
"Catching Fire (Hunger Games, Book Two): Volume 2",Suzanne Collins,4.7,7,"61,120",14.62,Hardcover,2010,Non Fiction
Mockingjay (The Hunger Games),Suzanne Collins,4.6,8,"75,799",11.26,Hardcover,2010,Non Fiction
"The Third Wheel (Diary of a Wimpy Kid, Book 7)",Jeff Kinney,4.7,9,"20,133",10.53,Hardcover,2010,Non Fiction
No Easy Day: The Autobiography of a Navy Seal: The Firsthand Account of the Mission That Killed Osama Bin Laden,Mark Owen,4.6,10,"14,132",23.85,Hardcover,2010,Non Fiction
The Hunger Games Trilogy Boxed Set,Suzanne Collins,4.8,11,"43,306",60.0,Hardcover,2010,Non Fiction
Gone Girl,Gillian Flynn,4.1,12,"159,888",14.99,Hardcover,2010,Non Fiction
"The Mark of Athena (Heroes of Olympus, Book 3)",Rick Riordan,4.8,13,"30,886",11.46,Hardcover,2010,Non Fiction
The Official SAT Study Guide,,4.4,14,The College Board,,Paperback,2010,Non Fiction
Game of Thrones Boxed Set: A Game of Thrones/A Clash of Kings/A Storm of Swords/A Feast for Crows,George R.R. Martin,4.7,15,"8,359",42.84,Mass Market Paperback,2010,Non Fiction
Killing Kennedy: The End of Camelot,Bill O'Reilly,4.5,16,"15,431",16.44,Hardcover,2010,Non Fiction
"Publication Manual of the American Psychological Association, 6th Edition",American Psychological Association,4.5,17,"12,910",19.78,Paperback,2010,Non Fiction
Killing Lincoln: The Shocking Assassination that Changed America Forever (Bill O'Reilly's Killing Series),Bill O'Reilly,4.6,18,"15,036",11.26,Hardcover,2010,Non Fiction
"Unbroken: A World War II Story of Survival, Resilience, and Redemption",Laura Hillenbrand,4.7,19,"75,136",15.68,Hardcover,2010,Non Fiction
Proof of Heaven: A Neurosurgeon's Journey into the Afterlife,,4.4,20,Eben Alexander,9.99,Paperback,2010,Non Fiction
The 5 Love Languages: The Secret to Love That Lasts,Gary Chapman,4.7,21,"4,912",,Paperback,2010,Non Fiction
Barefoot Contessa Foolproof: Recipes You Can Trust: A Cookbook,Ina Garten,4.8,22,"2,478",18.29,Hardcover,2010,Non Fiction
"Thinking, Fast and Slow",Daniel Kahneman,4.6,23,"39,285",19.47,Hardcover,2010,Non Fiction
The Casual Vacancy,J.K. Rowling,3.6,24,"20,179",16.99,Hardcover,2010,Non Fiction
The Harbinger: The Ancient Mystery that Holds the Secret of America's Future,Jonathan Cahn,4.7,25,"23,833",10.59,Paperback,2010,Non Fiction
The Power of Habit: Why We Do What We Do in Life and Business,Charles Duhigg,4.6,26,"36,496",21.08,Hardcover,2010,Non Fiction
Steve Jobs,Walter Isaacson,4.7,27,"22,978",17.33,Hardcover,2010,Non Fiction
"Wheat Belly: Lose the Wheat, Lose the Weight, and Find Your Path Back to Health",William Davis,4.4,28,"10,793",13.16,Hardcover,2010,Fiction
"Oh, the Places You'll Go!  ",Dr. Seuss,4.9,29,"45,644",8.96,Hardcover,2010,Non Fiction
The 7 Habits of Highly Effective People: Powerful Lessons in Personal Change,,4.6,30,Stephen R. Covey,20.0,Paperback,2010,Non Fiction
StrengthsFinder 2.0,,4.1,1,Gallup,20.96,Hardcover,2011,Non Fiction
"Lean In: Women, Work, and the Will to Lead",Sheryl Sandberg,4.5,2,"16,972",11.0,Hardcover,2011,Non Fiction
"Diary of a Wimpy Kid: Hard Luck, Book 8",Jeff Kinney,4.6,3,"25,519",,Hardcover,2011,Non Fiction
Rush Revere and the Brave Pilgrims: Time-Travel Adventures with Exceptional Americans (1),Rush Limbaugh,4.9,4,"10,132",11.82,Hardcover,2011,Fiction
"Jesus Calling, Padded Hardcover, with Scripture references",Sarah Young,4.9,5,"39,395",8.89,Hardcover,2011,Non Fiction
Inferno,Dan Brown,4.2,6,"80,989",15.69,Hardcover,2011,Fiction
"The House of Hades (Heroes of Olympus, Book 4)",Rick Riordan,4.8,7,"33,417",12.2,Hardcover,2011,Fiction
"Things That Matter: Three Decades of Passions, Pastimes and Politics [Deckled Edge]",Charles Krauthammer,4.6,8,"11,064",11.95,Hardcover,2011,Non Fiction
"Great Gatsby, the; (Us Import Ed.)",F. Scott Fitzgerald,4.4,9,"14,097",7.1,Paperback,2011,Non Fiction
Killing Jesus (Bill O'Reilly's Killing Series),Bill O'Reilly,4.5,10,"20,981",19.39,Hardcover,2011,Non Fiction
Proof of Heaven: A Neurosurgeon's Journey into the Afterlife,,4.4,11,Eben Alexander,9.99,Paperback,2011,Non Fiction
"Diagnostic and Statistical Manual of Mental Disorders, 5th Edition: DSM-5",American Psychiatric Association,4.7,12,"12,812",141.08,Paperback,2011,Non Fiction
The Official SAT Study Guide,,4.4,13,The College Board,,Paperback,2011,Non Fiction
The Fault in Our Stars,,4.6,14,John Green,11.06,Hardcover,2011,Non Fiction
The Book Thief,Markus Zusak,4.6,15,"65,550",7.83,Paperback,2011,Non Fiction
Wonder,R. J. Palacio,4.7,16,"82,598",9.4,Hardcover,2011,Non Fiction
The 5 Love Languages: The Secret to Love That Lasts,Gary Chapman,4.7,17,"4,912",,Paperback,2011,Non Fiction
"Publication Manual of the American Psychological Association, 6th Edition",American Psychological Association,4.5,18,"12,910",19.78,Paperback,2011,Non Fiction
Divergent,Veronica Roth,4.7,19,"17,524",12.46,Paperback,2011,Non Fiction
Laugh-Out-Loud Jokes for Kids,Rob Elliott,4.6,20,"11,598",4.99,Paperback,2011,Non Fiction
"Oh, the Places You'll Go!  ",Dr. Seuss,4.9,21,"45,644",8.96,Hardcover,2011,Non Fiction
"David and Goliath: Underdogs, Misfits, and the Art of Battling Giants",Malcolm Gladwell,4.4,22,"13,375",16.65,Hardcover,2011,Non Fiction
Game of Thrones Boxed Set: A Game of Thrones/A Clash of Kings/A Storm of Swords/A Feast for Crows,George R.R. Martin,4.7,23,"8,359",42.84,Mass Market Paperback,2011,Fiction
Allegiant,Veronica Roth,4.1,24,"66,453",8.95,Hardcover,2011,Fiction
And the Mountains Echoed,Khaled Hosseini,4.3,25,"39,223",14.25,Hardcover,2011,Non Fiction
Humans of New York,Brandon Stanton,4.8,26,"5,550",15.67,Hardcover,2011,Non Fiction
The Legend of Zelda: Hyrule Historia,,4.9,27,Patrick Thorpe,25.1,Hardcover,2011,Non Fiction
Doctor Sleep: A Novel,Stephen King,4.6,28,"40,440",14.11,Hardcover,2011,Non Fiction
Knock-Knock Jokes for Kids: Knock-Knock Jokes for Kids (Joke Book & Gift Idea for Children Ages 6-12. Doubles as a Dad Jokes book for Father's Day and Birthdays) (Laugh-Out-Loud Jokes for Kids),Rob Elliott,4.5,29,"5,903",4.99,Paperback,2011,Non Fiction
The Goldfinch: A Novel (Pulitzer Prize for Fiction),Donna Tartt,4.1,30,"122,729",18.5,Hardcover,2011,Non Fiction
StrengthsFinder 2.0,,4.1,1,Gallup,20.96,Hardcover,2011,Non Fiction
Frozen (Little Golden Book),,4.7,2,RH Disney,9.01,Hardcover,2011,Non Fiction
Laugh-Out-Loud Jokes for Kids,Rob Elliott,4.6,3,"11,598",4.99,Paperback,2011,
The Fault in Our Stars,,4.6,4,John Green,7.83,Paperback,2011,Non Fiction
Diary of a Wimpy Kid: The Long Haul,Jeff Kinney,4.6,5,"29,335",9.99,Hardcover,2011,Non Fiction
What If?: Serious Scientific Answers to Absurd Hypothetical Questions,Randall Munroe,4.6,6,"28,909",20.5,Hardcover,2011,Non Fiction
The Blood of Olympus (The Heroes of Olympus),Rick Riordan,4.8,7,"41,165",11.48,Hardcover,2011,Non Fiction
"Jesus Calling, Padded Hardcover, with Scripture references",Sarah Young,4.9,8,"39,395",8.89,Hardcover,2011,Non Fiction
"Unbroken: A World War II Story of Survival, Resilience, and Redemption",Laura Hillenbrand,4.7,9,"75,136",12.49,Paperback,2011,Non Fiction
Ultimate Sticker Book: Frozen: More Than 60 Reusable Full-Color Stickers,,4.6,10,DK,6.99,Paperback,2011,Non Fiction
The Day the Crayons Quit,Drew Daywalt,4.8,11,"22,155",9.4,Hardcover,2011,Fiction
Divergent,Veronica Roth,4.7,12,"17,524",12.46,Paperback,2011,Non Fiction
The Fault in Our Stars,,4.6,13,John Green,11.06,Hardcover,2011,Non Fiction
"Oh, the Places You'll Go!  ",Dr. Seuss,4.9,14,"45,644",8.96,Hardcover,2011,Non Fiction
To Kill a Mockingbird,Harper Lee,4.7,15,"128,056",21.47,Mass Market Paperback,2011,Non Fiction
Gone Girl,Gillian Flynn,4.1,16,"159,888",12.9,Paperback,2011,Non Fiction
The Book Thief,Markus Zusak,4.6,17,"65,550",7.83,Paperback,2011,Non Fiction
The Official SAT Study Guide,,4.4,18,The College Board,,Paperback,2011,Non Fiction
Humans of New York,Brandon Stanton,4.8,19,"5,550",15.67,Hardcover,2011,Non Fiction
The Goldfinch: A Novel (Pulitzer Prize for Fiction),Donna Tartt,4.1,20,"122,729",18.5,Hardcover,2011,Non Fiction
"Diagnostic and Statistical Manual of Mental Disorders, 5th Edition: DSM-5",American Psychiatric Association,4.7,21,"12,812",141.08,Paperback,2011,Non Fiction
Wonder,R. J. Palacio,4.7,22,"82,598",9.4,Hardcover,2011,Non Fiction
The Book with No Pictures,B. J. Novak,4.8,23,"18,629",9.9,Hardcover,2011,Fiction
Rush Revere and the First Patriots: Time-Travel Adventures With Exceptional Americans (2),Rush Limbaugh,4.9,24,"5,445",10.99,Hardcover,2011,Fiction
The 5 Love Languages: The Secret to Love That Lasts,Gary Chapman,4.7,25,"4,912",,Paperback,2011,Non Fiction
Knock-Knock Jokes for Kids: Knock-Knock Jokes for Kids (Joke Book & Gift Idea for Children Ages 6-12. Doubles as a Dad Jokes book for Father's Day and Birthdays) (Laugh-Out-Loud Jokes for Kids),Rob Elliott,4.5,26,"5,903",4.99,Paperback,2011,Non Fiction
JOURNEY TO THE ICE P,RH Disney,4.6,27,"1,096",7.11,Paperback,2011,Non Fiction
"Publication Manual of the American Psychological Association, 6th Edition",American Psychological Association,4.5,28,"12,910",19.78,Paperback,2011,Non Fiction
Little Blue Truck,Alice Schertle,4.9,29,"1,965",,Board book,2011,Non Fiction
Make It Ahead: A Barefoot Contessa Cookbook,Ina Garten,4.6,30,"2,380",18.29,Hardcover,2011,Non Fiction
First 100 Words: A Padded Board Book,Roger Priddy,4.7,1,"36,473",4.78,Board book,2012,Non Fiction
The Life-Changing Magic of Tidying Up: The Japanese Art of Decluttering and Organizing,,4.5,2,Marie Kondō,8.89,Hardcover,2012,Non Fiction
Laugh-Out-Loud Jokes for Kids,Rob Elliott,4.6,3,"11,598",4.99,Paperback,2012,Non Fiction
Secret Garden: An Inky Treasure Hunt and Coloring Book for Adults,Johanna Basford,4.7,4,"15,325",13.95,Paperback,2012,Non Fiction
StrengthsFinder 2.0,,4.1,5,Gallup,20.96,Hardcover,2012,Non Fiction
Go Set a Watchman: A Novel,Harper Lee,3.8,6,"52,136",16.88,Hardcover,2012,Fiction
"Enchanted Forest: An Inky Quest and Coloring book (Activity Books, Mindfulness and Meditation, Illustrated Floral Prints)",Johanna Basford,4.7,7,"8,234",12.15,Paperback,2012,Fiction
All the Light We Cannot See,Anthony Doerr,4.5,8,"212,202",18.99,Hardcover,2012,Fiction
The Girl on the Train,Paula Hawkins,4.1,9,"376,233",12.67,Hardcover,2012,Non Fiction
Adult Coloring Book: Stress Relieving Patterns,Blue Star Coloring,4.5,10,"4,311",6.91,Paperback,2012,Non Fiction
Diary of a Wimpy Kid #10: Old School,Jeff Kinney,4.7,11,"30,680",11.0,Hardcover,2012,Non Fiction
To Kill a Mockingbird,Harper Lee,4.7,12,"128,056",21.47,Mass Market Paperback,2012,Non Fiction
Adult Coloring Book: Stress Relieving Animal Designs,Blue Star Coloring,4.6,13,"3,973",7.99,Paperback,2012,Non Fiction
"Adult Coloring Books: A Coloring Book for Adults Featuring Mandalas and Henna Inspired Flowers, Animals, and Paisley Patterns",Coloring Books for Adults,4.5,14,"3,175",8.49,Paperback,2012,Non Fiction
Humans of New York : Stories,Brandon Stanton,4.9,15,"5,326",15.96,Hardcover,2012,Non Fiction
The Martian,Andy Weir,4.6,16,"169,468",10.41,Paperback,2012,Fiction
"Oh, the Places You'll Go!  ",Dr. Seuss,4.9,17,"45,644",8.96,Hardcover,2012,Fiction
Knock-Knock Jokes for Kids: Knock-Knock Jokes for Kids (Joke Book & Gift Idea for Children Ages 6-12. Doubles as a Dad Jokes book for Father's Day and Birthdays) (Laugh-Out-Loud Jokes for Kids),Rob Elliott,4.5,18,"5,903",4.99,Paperback,2012,Fiction
Dear Zoo: A Lift-the-Flap Book,,4.8,19,Rod Campbell,5.0,Board book,2012,Fiction
The Day the Crayons Quit,Drew Daywalt,4.8,20,"22,155",9.4,Hardcover,2012,Fiction
The Boys in the Boat: Nine Americans and Their Epic Quest for Gold at the 1936 Berlin Olympics,Daniel James Brown,4.6,21,"81,459",14.05,Paperback,2012,Fiction
"Jesus Calling, Padded Hardcover, with Scripture references",Sarah Young,4.9,22,"39,395",8.89,Hardcover,2012,Fiction
Mindset: The New Psychology of Success,Carol S. Dweck,4.6,23,"26,367",12.98,Paperback,2012,Fiction
"Grey: Fifty Shades of Grey as Told by Christian (Fifty Shades Of Grey Series, 4)",E L James,4.5,24,"117,361",12.76,Paperback,2012,Fiction
Creative Haven Creative Cats Coloring Book (Adult Coloring),Marjorie Sarnat,4.8,25,"5,182",5.99,Paperback,2012,
How to Win Friends & Influence People (Dale Carnegie Books),Dale Carnegie,4.7,26,"105,360",10.3,Paperback,2012,Non Fiction
The 5 Love Languages: The Secret to Love that Lasts,Gary Chapman,4.8,27,"88,081",8.39,Paperback,2012,Non Fiction
Balance (Angie’s Extreme Stress Menders),Angie Grace,4.6,28,"2,283",11.95,Paperback,2012,Fiction
Creative Haven Owls Coloring Book (Adult Coloring),Marjorie Sarnat,4.7,29,"5,288",5.38,Paperback,2012,Fiction
Thug Kitchen: The Official Cookbook: Eat Like You Give a F*ck (Thug Kitchen Cookbooks),,4.6,30,Thug Kitchen,32.0,Hardcover,2012,Fiction
"Harry Potter and the Cursed Child, Parts 1 & 2, Special Rehearsal Edition Script",J.K. Rowling,4.3,1,"94,511",11.42,Hardcover,2012,Non Fiction
StrengthsFinder 2.0,,4.1,2,Gallup,20.96,Hardcover,2012,Non Fiction
First 100 Words: A Padded Board Book,Roger Priddy,4.7,3,"36,473",4.78,Board book,2012,Non Fiction
The Life-Changing Magic of Tidying Up: The Japanese Art of Decluttering and Organizing,,4.5,4,Marie Kondō,8.89,Hardcover,2012,Non Fiction
"Oh, the Places You'll Go!  ",Dr. Seuss,4.9,5,"45,644",8.96,Hardcover,2012,Non Fiction
Diary of a Wimpy Kid #11: Double Down,Jeff Kinney,4.7,6,"27,712",13.99,Hardcover,2012,Non Fiction
When Breath Becomes Air,Paul Kalanithi,4.7,7,"98,107",18.17,Hardcover,2012,Non Fiction
Giraffes Can't Dance,,4.8,8,Giles Andreae,5.94,Board book,2012,Non Fiction
The 5 Love Languages: The Secret to Love that Lasts,Gary Chapman,4.8,9,"88,081",8.39,Paperback,2012,Non Fiction
The Whole30: The 30-Day Guide to Total Health and Food Freedom,,4.6,10,Melissa Hartwig Urban,15.68,Hardcover,2012,Non Fiction
A Man Called Ove: A Novel,Fredrik Backman,4.6,11,"180,735",12.54,Paperback,2012,Non Fiction
Killing the Rising Sun: How America Vanquished World War II Japan (Bill O'Reilly's Killing Series),Bill O'Reilly,4.7,12,"19,855",15.8,Hardcover,2012,Non Fiction
How to Win Friends & Influence People (Dale Carnegie Books),Dale Carnegie,4.7,13,"105,360",10.3,Paperback,2012,Non Fiction
The Magnolia Story,Chip Gaines,4.8,14,"14,000",14.1,Hardcover,2012,Fiction
Laugh-Out-Loud Jokes for Kids,Rob Elliott,4.6,15,"11,598",4.99,Paperback,2012,Fiction
To Kill a Mockingbird,Harper Lee,4.7,16,"128,056",21.47,Mass Market Paperback,2012,Fiction
Hillbilly Elegy: A Memoir of a Family and Culture in Crisis,J. D. Vance,4.3,17,"81,524",14.63,Hardcover,2012,Fiction
Fantastic Beasts and Where to Find Them: The Original Screenplay (Harry Potter),J.K. Rowling,4.7,18,"13,286",13.55,Hardcover,2012,Fiction
Hamilton: The Revolution,Lin-Manuel Miranda,4.9,19,"14,107",26.13,Hardcover,2012,Non Fiction
The Girl on the Train,Paula Hawkins,4.1,20,"376,233",10.33,Paperback,2012,Non Fiction
Mindset: The New Psychology of Success,Carol S. Dweck,4.6,21,"26,367",12.98,Paperback,2012,Non Fiction
"The Official SAT Study Guide, 2016 Edition",The College Board,4.4,22,"1,109",,Paperback,2012,Non Fiction
,,4.5,23,"3,146",8.99,Paperback,2012,Fiction
The Four Agreements: A Practical Guide to Personal Freedom (A Toltec Wisdom Book),Don Miguel Ruiz,4.7,24,"105,354",7.74,Paperback,2012,Non Fiction
Milk and Honey,Rupi Kaur,4.7,25,"59,014",7.83,Paperback,2012,Non Fiction
The Going To Bed Book,Sandra Boynton,4.8,26,"16,779",3.97,Board book,2012,Non Fiction
Born to Run,Bruce Springsteen,4.6,27,"12,810",16.99,Hardcover,2012,Non Fiction
Alexander Hamilton,Ron Chernow,4.7,28,"31,572",11.5,Paperback,2012,Non Fiction
The Very Hungry Caterpillar,Eric Carle,4.9,29,"58,022",6.56,Board book,2012,Non Fiction
The 7 Habits of Highly Effective People: Powerful Lessons in Personal Change,Stephen R. Covey,4.7,30,"9,345",20.8,Paperback,2012,Non Fiction
Wonder,R. J. Palacio,4.7,1,"82,598",9.4,Hardcover,2013,Non Fiction
Milk and Honey,Rupi Kaur,4.7,2,"59,014",7.83,Paperback,2013,Non Fiction
Giraffes Can't Dance,,4.8,3,Giles Andreae,5.94,Board book,2013,Non Fiction
The Subtle Art of Not Giving a F*ck: A Counterintuitive Approach to Living a Good Life,Mark Manson,4.6,4,"130,364",14.09,Hardcover,2013,Non Fiction
The Getaway,Jeff Kinney,4.8,5,"23,511",7.72,Hardcover,2013,Non Fiction
The Instant Pot Electric Pressure Cooker Cookbook: Easy Recipes for Fast & Healthy Meals,Laurel Randolph,4.4,6,"13,211",11.12,Paperback,2013,Non Fiction
Hillbilly Elegy: A Memoir of a Family and Culture in Crisis,J. D. Vance,4.3,7,"81,524",14.63,Hardcover,2013,Non Fiction
Astrophysics for People in a Hurry,Neil deGrasse Tyson,4.7,8,"23,155",9.99,Hardcover,2013,Non Fiction
First 100 Words: A Padded Board Book,Roger Priddy,4.7,9,"36,473",4.78,Board book,2013,Fiction
The Whole30: The 30-Day Guide to Total Health and Food Freedom,,4.6,10,Melissa Hartwig Urban,15.68,Hardcover,2013,Non Fiction
The Handmaid's Tale,Margaret Atwood,4.3,11,"150,558",9.53,Paperback,2013,Fiction
The 5 Love Languages: The Secret to Love that Lasts,Gary Chapman,4.8,12,"88,081",8.39,Paperback,2013,Fiction
You Are a Badass: How to Stop Doubting Your Greatness and Start Living an Awesome Life,Jen Sincero,4.7,13,"44,668",8.89,Paperback,2013,Fiction
What Happened,Hillary Rodham Clinton,4.6,14,"8,421",14.72,Hardcover,2013,Fiction
"Oh, the Places You'll Go!  ",Dr. Seuss,4.9,15,"45,644",8.96,Hardcover,2013,Non Fiction
Make Your Bed: Little Things That Can Change Your Life...And Maybe the World,,4.7,16,Admiral William H. McRaven,11.58,Hardcover,2013,Non Fiction
1984,George Orwell,4.6,17,"103,530",7.48,Mass Market Paperback,2013,Non Fiction
How to Win Friends & Influence People (Dale Carnegie Books),Dale Carnegie,4.7,18,"105,360",10.3,Paperback,2013,Non Fiction
Origin: A Novel (Robert Langdon),Dan Brown,4.4,19,"71,524",15.99,Hardcover,2013,Non Fiction
A Man Called Ove: A Novel,Fredrik Backman,4.6,20,"180,735",12.54,Paperback,2013,Non Fiction
The Sun and Her Flowers,Rupi Kaur,4.8,21,"18,442",8.89,Paperback,2013,Non Fiction
Dear Zoo: A Lift-the-Flap Book,,4.8,22,Rod Campbell,5.0,Board book,2013,Non Fiction
The Four Agreements: A Practical Guide to Personal Freedom (A Toltec Wisdom Book),Don Miguel Ruiz,4.7,23,"105,354",7.74,Paperback,2013,Non Fiction
The Going To Bed Book,Sandra Boynton,4.8,24,"16,779",3.97,Board book,2013,Non Fiction
StrengthsFinder 2.0,,4.1,25,Gallup,20.96,Hardcover,2013,Non Fiction
The Wonderful Things You Will Be,Emily Winfield Martin,4.9,26,"27,406",9.4,Hardcover,2013,Non Fiction
The Shack: Where Tragedy Confronts Eternity,William P. Young,4.6,27,"40,923",10.43,Paperback,2013,Non Fiction
The Life-Changing Magic of Tidying Up: The Japanese Art of Decluttering and Organizing,,4.5,28,Marie Kondō,8.89,Hardcover,2013,Non Fiction
"Option B: Facing Adversity, Building Resilience, and Finding Joy",Sheryl Sandberg,4.5,29,"4,293",16.98,Hardcover,2013,Fiction
Thug Kitchen: The Official Cookbook: Eat Like You Give a F*ck (Thug Kitchen Cookbooks),,4.6,30,Thug Kitchen,32.0,Hardcover,2013,Fiction
Becoming,Michelle Obama,4.8,1,"140,241",19.59,Hardcover,2013,
"Girl, Wash Your Face: Stop Believing the Lies About Who You Are So You Can Become Who You Were Meant to Be",Rachel Hollis,4.6,2,"27,935",16.0,Hardcover,2013,Fiction
The Wonky Donkey,Craig Smith,4.8,3,"78,894",5.28,Paperback,2013,Fiction
Fire and Fury: Inside the Trump White House,Michael Wolff,4.2,4,"22,005",7.66,Hardcover,2013,Fiction
Fear: Trump in the White House,Bob Woodward,4.5,5,"11,470",13.22,Hardcover,2013,Fiction
Last Week Tonight with John Oliver Presents: A Day in the Life of Marlon Bundo (HBO),Jill Twiss,4.9,6,"15,274",16.99,Hardcover,2013,Fiction
12 Rules for Life: An Antidote to Chaos,Jordan B. Peterson,4.7,7,"72,836",15.94,Hardcover,2013,Fiction
Magnolia Table,Joanna Gaines,4.8,8,"33,646",16.59,Hardcover,2013,Fiction
Whose Boat Is This Boat?: Comments That Don't Help in the Aftermath of a Hurricane,The Staff of The Late Show with Stephen Colbert,4.6,9,"10,032",10.02,Hardcover,2013,Non Fiction
The Subtle Art of Not Giving a F*ck: A Counterintuitive Approach to Living a Good Life,Mark Manson,4.6,10,"130,364",14.09,Hardcover,2013,Non Fiction
"A Higher Loyalty: Truth, Lies, and Leadership",James Comey,4.7,11,"9,426",6.14,Hardcover,2013,Non Fiction
The Complete Ketogenic Diet for Beginners: Your Essential Guide to Living the Keto Lifestyle,Amy Ramos,4.3,12,"29,738",6.98,Paperback,2013,Non Fiction
Diary of a Wimpy Kid #13: Meltdown,Jeff Kinney,4.8,13,"25,410",8.79,Hardcover,2013,Non Fiction
The 5 Love Languages: The Secret to Love that Lasts,Gary Chapman,4.8,14,"88,081",8.39,Paperback,2013,Non Fiction
First 100 Words: A Padded Board Book,Roger Priddy,4.7,15,"36,473",4.78,Board book,2013,Non Fiction
Dog Man: Lord of the Fleas: From the Creator of Captain Underpants (Dog Man #5),Dav Pilkey,4.9,16,"17,263",,Hardcover,2013,Non Fiction
Educated: A Memoir,Tara Westover,4.7,17,"97,873",14.69,Hardcover,2013,Non Fiction
You Are a Badass: How to Stop Doubting Your Greatness and Start Living an Awesome Life,Jen Sincero,4.7,18,"44,668",8.89,Paperback,2013,Non Fiction
"The Plant Paradox: The Hidden Dangers in ""Healthy"" Foods That Cause Disease and Weight Gain (The Plant Paradox, 1)",,4.4,19,Dr. Steven R Gundry  MD,16.49,Hardcover,2013,Non Fiction
Giraffes Can't Dance,,4.8,20,Giles Andreae,5.94,Board book,2013,Fiction
D&D Player’s Handbook (Dungeons & Dragons Core Rulebook),,4.9,21,Dungeons & Dragons,26.1,Hardcover,2013,Fiction
Homebody: A Guide to Creating Spaces You Never Want to Leave,Joanna Gaines,4.8,22,"11,328",20.9,Hardcover,2013,
The Very Hungry Caterpillar,Eric Carle,4.9,23,"58,022",6.56,Board book,2013,Fiction
Crazy Rich Asians (Crazy Rich Asians Trilogy),Kevin Kwan,4.3,24,"52,375",10.0,Paperback,2013,Fiction
The Hate U Give: A Printz Honor Winner,Angie Thomas,4.7,25,"31,409",12.14,Hardcover,2013,Fiction
The Instant Pot Electric Pressure Cooker Cookbook: Easy Recipes for Fast & Healthy Meals,Laurel Randolph,4.4,26,"13,211",11.12,Paperback,2013,Fiction
The Four Agreements: A Practical Guide to Personal Freedom (A Toltec Wisdom Book),Don Miguel Ruiz,4.7,27,"105,354",7.74,Paperback,2013,Non Fiction
The Wonderful Things You Will Be,Emily Winfield Martin,4.9,28,"27,406",9.4,Hardcover,2013,Fiction
P is for Potty! (Sesame Street) (Lift-the-Flap),,4.7,29,Naomi Kleinberg,5.68,Board book,2013,Fiction
The Pout-Pout Fish,Deborah Diesen,4.8,30,"25,361",4.98,Board book,2013,Fiction
Where the Crawdads Sing,Delia Owens,4.8,1,"429,983",14.69,Hardcover,2014,Fiction
Becoming,Michelle Obama,4.8,2,"140,241",19.59,Hardcover,2014,Fiction
Educated: A Memoir,Tara Westover,4.7,3,"97,873",14.69,Hardcover,2014,Fiction
Dog Man: For Whom the Ball Rolls: From the Creator of Captain Underpants (Dog Man #7),Dav Pilkey,4.9,4,"24,569",6.79,Hardcover,2014,Non Fiction
"Girl, Wash Your Face: Stop Believing the Lies About Who You Are So You Can Become Who You Were Meant to Be",Rachel Hollis,4.6,5,"27,935",16.0,Hardcover,2014,Non Fiction
Dog Man: Fetch-22: From the Creator of Captain Underpants (Dog Man #8),Dav Pilkey,4.9,6,"29,490",7.76,Hardcover,2014,Non Fiction
Wrecking Ball (Diary of a Wimpy Kid Book 14),Jeff Kinney,4.9,7,"18,982",8.96,Hardcover,2014,Non Fiction
The Wonderful Things You Will Be,Emily Winfield Martin,4.9,8,"27,406",9.4,Hardcover,2014,Non Fiction
"School Zone - Big Preschool Workbook - 320 Pages, Ages 3 to 5, Colors, Shapes, Numbers, Early Math, Alphabet, Pre-Writing, Phonics, Following Directions, and More (School Zone Big Workbook Series)",School Zone,4.8,9,"69,773",,Paperback,2014,Non Fiction
The 5 Love Languages: The Secret to Love that Lasts,Gary Chapman,4.8,10,"88,081",8.39,Paperback,2014,Non Fiction
"Girl, Stop Apologizing: A Shame-Free Plan for Embracing and Achieving Your Goals",Rachel Hollis,4.6,11,"14,496",18.0,Hardcover,2014,Non Fiction
The Wonky Donkey,Craig Smith,4.8,12,"78,894",5.28,Paperback,2014,Non Fiction
The Subtle Art of Not Giving a F*ck: A Counterintuitive Approach to Living a Good Life,Mark Manson,4.6,13,"130,364",14.09,Hardcover,2014,Fiction
Difficult Riddles For Smart Kids: 300 Difficult Riddles And Brain Teasers Families Will Love (Books for Smart Kids),M Prefontaine,4.6,14,"30,467",6.99,Paperback,2014,Fiction
"Salt, Fat, Acid, Heat: Mastering the Elements of Good Cooking",Samin Nosrat,4.8,15,"21,671",27.98,Hardcover,2014,Fiction
The Very Hungry Caterpillar,Eric Carle,4.9,16,"58,022",6.56,Board book,2014,Non Fiction
"What Should Danny Do? (The Power to Choose Series) (The Power to Choose, 1)",Adir Levy,4.8,17,"22,975",11.99,Hardcover,2014,Non Fiction
It's Not Supposed to Be This Way: Finding Unexpected Strength When Disappointments Leave You Shattered,Lysa TerKeurst,4.8,18,"17,810",17.44,Hardcover,2014,Non Fiction
"I Am Confident, Brave & Beautiful: A Coloring Book for Girls",Hopscotch Girls,4.8,19,"33,079",6.99,Paperback,2014,Non Fiction
The Four Agreements: A Practical Guide to Personal Freedom (A Toltec Wisdom Book),Don Miguel Ruiz,4.7,20,"105,354",7.74,Paperback,2014,Non Fiction
Unfreedom of the Press,Mark R. Levin,4.9,21,"9,355",,Hardcover,2014,Non Fiction
Dog Man: Brawl of the Wild: From the Creator of Captain Underpants (Dog Man #6),Dav Pilkey,4.9,22,"19,793",8.99,Hardcover,2014,Non Fiction
Giraffes Can't Dance,,4.8,23,Giles Andreae,5.94,Board book,2014,Non Fiction
If Animals Kissed Good Night,Ann Whitford Paul,4.8,24,"72,084",4.19,Board book,2014,Non Fiction
"Oh, the Places You'll Go!  ",Dr. Seuss,4.9,25,"45,644",8.96,Hardcover,2014,Non Fiction
Howard Stern Comes Again,Howard Stern,4.5,26,"8,064",21.0,Hardcover,2014,Non Fiction
Guts: A Graphic Novel,Raina Telgemeier,4.8,27,"14,444",6.24,Paperback,2014,Non Fiction
The Life-Changing Magic of Tidying Up: The Japanese Art of Decluttering and Organizing,,4.5,28,Marie Kondō,8.89,Hardcover,2014,Non Fiction
"Harry Potter and the Goblet of Fire: The Illustrated Edition (Harry Potter, Book 4) (4)",J. K. Rowling,4.9,29,"25,993",29.98,Hardcover,2014,Non Fiction
National Geographic Little Kids First Big Book of Why (National Geographic Little Kids First Big Books),Amy Shields,4.8,30,"18,562",13.07,Hardcover,2014,Non Fiction
Diary of a Wimpy Kid Do-it-yourself Book,Jeff Kinney,4.8,51,"9,930",19.49,Hardcover,2014,Non Fiction
Open: An Autobiography,Andre Agassi,4.6,52,"19,292",21.53,Hardcover,2014,Non Fiction
Pride and Prejudice and Zombies,,4.2,53,Jane Austen,12.19,Paperback,2014,Non Fiction
Cook Yourself Thin: Skinny Meals You Can Make in Minutes,"Lifetime Television,",4.3,54,912,15.52,Paperback,2014,Non Fiction
Hungry Girl: 200 Under 200: 200 Recipes Under 200 Calories,Lisa Lillien,4.4,55,907,18.51,Paperback,2014,Non Fiction
"Born to Run: A Hidden Tribe, Superathletes, and the Greatest Race the World Has Never Seen",Christopher McDougall,4.7,56,"23,333",17.74,Hardcover,2014,Non Fiction
A Bold Fresh Piece of Humanity,Bill O'Reilly,4.6,57,860,8.06,Hardcover,2014,Non Fiction
The Pioneer Woman Cooks: Recipes from an Accidental Country Girl,Ree Drummond,4.8,58,"5,699",13.24,Hardcover,2014,Non Fiction
The Book Thief,Markus Zusak,4.6,59,"65,550",7.83,Paperback,2014,Non Fiction
South of Broad,Pat Conroy,4.5,60,"3,959",16.99,Hardcover,2014,Non Fiction
The Omnivore's Dilemma: A Natural History of Four Meals,Michael Pollan,4.6,61,"5,143",10.33,Paperback,2014,Non Fiction
The Host,Stephenie Meyer,4.6,62,"13,117",18.18,Hardcover,2014,Non Fiction
Master Your Metabolism: The 3 Diet Secrets to Naturally Balancing Your Hormones for a Hot and Healthy Body!,Jillian Michaels,4.3,63,"1,028",13.19,Hardcover,2014,Non Fiction
Ford County: Stories,John Grisham,4.3,64,"7,704",15.34,Hardcover,2014,Non Fiction
"Culture of Corruption: Obama and His Team of Tax Cheats, Crooks, and Cronies",Michelle Malkin,4.6,65,"1,118",11.0,Hardcover,2014,Non Fiction
Blink: The Power of Thinking Without Thinking,Malcolm Gladwell,4.5,66,"12,714",13.42,Paperback,2014,Non Fiction
"Diary of a Wimpy Kid, Book 1",Jeff Kinney,4.6,67,"26,482",11.47,Hardcover,2014,Non Fiction
The Graveyard Book,Neil Gaiman,4.6,68,"13,722",9.82,Hardcover,2014,Non Fiction
An Echo in the Bone (Outlander),Diana Gabaldon,4.7,69,"33,705",27.44,Hardcover,2014,Non Fiction
"The Gathering Storm (Wheel of Time, Book 12)",Robert Jordan,4.8,70,"12,551",19.99,Hardcover,2014,Fiction
Dreams from My Father: A Story of Race and Inheritance,Barack Obama,4.7,71,"10,434",12.98,Paperback,2014,Fiction
Pirate Latitudes: A Novel,Michael Crichton,4.2,72,"6,501",16.23,Hardcover,2014,Fiction
The Official SAT Study Guide: For the New SAT (tm),,4.5,73,The College Board,,Paperback,2014,Non Fiction
Getting Things Done: The Art of Stress-Free Productivity,David Allen,4.5,74,"5,229",18.85,Paperback,2014,Non Fiction
How to Win Friends & Influence People (Dale Carnegie Books),Dale Carnegie,4.7,75,"105,360",10.3,Paperback,2014,Non Fiction
The Official SAT Study Guide,,4.4,76,The College Board,,Paperback,2014,Non Fiction
Finger Lickin' Fifteen (A Stephanie Plum Novel) (Stephanie Plum Novels),Janet Evanovich,4.5,77,"7,020",11.97,Hardcover,2014,Non Fiction
Sarah's Key,Tatiana de Rosnay,4.5,78,"10,972",12.94,Paperback,2014,Non Fiction
From Dead to Worse (Sookie Stackhouse/True Blood),Charlaine Harris,4.6,79,"3,191",7.99,Mass Market Paperback,2014,
Wolf Hall,Hilary Mantel,4.2,80,"19,606",19.07,Hardcover,2014,Non Fiction
The 7 Habits of Highly Effective People: Powerful Lessons in Personal Change,,4.6,51,Stephen R. Covey,20.0,Paperback,2015,Non Fiction
Cleopatra: A Life,Stacy Schiff,4.2,52,"2,213",12.52,Hardcover,2015,Non Fiction
Freedom: A Novel,Jonathan Franzen,4.2,53,"5,720",18.18,Hardcover,2015,Non Fiction
Freedom,Jonathan Franzen,4.2,54,"5,720",13.69,Hardcover,2015,Non Fiction
"Born to Run: A Hidden Tribe, Superathletes, and the Greatest Race the World Has Never Seen",Christopher McDougall,4.7,55,"23,333",17.74,Hardcover,2015,Non Fiction
Fall of Giants (The Century Trilogy),Ken Follett,4.4,56,"51,154",23.19,Hardcover,2015,Non Fiction
"Eat, Pray, Love: One Woman's Search for Everything Across Italy, India and Indonesia",Elizabeth Gilbert,4.4,57,"14,913",10.39,Paperback,2015,Non Fiction
"Eat Pray Love: One Woman's Search for Everything Across Italy, India and Indonesia",Elizabeth Gilbert,4.4,58,"14,913",11.99,Paperback,2015,Non Fiction
Tao I: The Way of All Life,,4.4,59,Zhi Gang Sha Dr.,19.51,Hardcover,2015,Non Fiction
Chelsea Chelsea Bang Bang,Chelsea Handler,4.4,60,"1,518",9.25,Hardcover,2015,Non Fiction
Let the Great World Spin: A Novel,Colum McCann,4.3,61,"3,570",9.41,Paperback,2015,Non Fiction
The Pioneer Woman Cooks: Recipes from an Accidental Country Girl,Ree Drummond,4.8,62,"5,699",13.24,Hardcover,2015,Non Fiction
The Tipping Point: How Little Things Can Make a Big Difference,Malcolm Gladwell,4.4,63,"8,041",15.98,Paperback,2015,Non Fiction
The Omnivore's Dilemma: A Natural History of Four Meals,Michael Pollan,4.6,64,"5,143",10.33,Paperback,2015,Non Fiction
The Belly Fat Cure: Discover the New Carb Swap System™ and Lose 4 to 9 lbs. Every Week,Jorge Cruise,4.1,65,"1,107",19.99,Spiral-bound,2015,Non Fiction
"The Battle of the Labyrinth (Percy Jackson and the Olympians, Book 4)",Rick Riordan,4.8,66,"27,798",7.99,Paperback,2015,Non Fiction
"The 4-Hour Workweek: Escape 9-5, Live Anywhere, and Join the New Rich",Timothy Ferriss,4.5,67,"25,295",13.79,Hardcover,2015,Non Fiction
"Full Dark, No Stars",Stephen King,4.5,68,"5,719",18.5,Hardcover,2015,Non Fiction
Sizzling Sixteen (Stephanie Plum Novels),Janet Evanovich,4.5,69,"7,168",,Hardcover,2015,Non Fiction
The Grand Design,Stephen Hawking,4.4,70,"4,061",23.89,Hardcover,2015,Non Fiction
The Overton Window ,Glenn Beck,4.5,71,"1,422",17.2,Hardcover,2015,Non Fiction
"Jesus Calling, Padded Hardcover, with Scripture references",Sarah Young,4.9,72,"39,395",8.89,Hardcover,2015,Non Fiction
Spoken from the Heart,Laura Bush,4.6,73,830,12.5,Hardcover,2015,Fiction
Diary of a Wimpy Kid Do-it-yourself Book,Jeff Kinney,4.8,74,"9,930",19.49,Hardcover,2015,Fiction
The Book of Awakening: Having the Life You Want by Being Present to the Life You Have,Mark Nepo,4.7,75,"4,369",22.42,Paperback,2015,Fiction
"Mastering the Art of French Cooking, Volume I: 50th Anniversary Edition: A Cookbook",Julia Child,4.8,76,"8,046",31.49,Hardcover,2015,Non Fiction
Safe Haven,Nicholas Sparks,4.6,77,"15,035",15.8,Hardcover,2015,Non Fiction
"Change Your Brain, Change Your Body: Use Your Brain to Get and Keep the Body You Have Always Wanted",Daniel G. Amen,4.4,78,924,19.47,Hardcover,2015,Non Fiction
"The Kind Diet: A Simple Guide to Feeling Great, Losing Weight, and Saving the Planet",Alicia Silverstone,4.5,79,"1,677",,Hardcover,2015,Non Fiction
Decoded,Jay-Z,4.7,80,"1,759",30.81,Hardcover,2015,Non Fiction
The Best of Me,Nicholas Sparks,4.5,51,"15,768",18.31,Hardcover,2015,Non Fiction
Jacqueline Kennedy: Historic Conversations on Life with John F. Kennedy,,4.3,52,Jacqueline Kennedy,11.75,Hardcover,2015,Fiction
The Girl with the Dragon Tattoo (The Girl with the Dragon Tattoo Series),Stieg Larsson,4.5,53,"30,923",10.99,Paperback,2015,Non Fiction
The Greater Journey: Americans in Paris,David McCullough,4.5,54,"2,435",20.0,Hardcover,2015,Fiction
Switch: How to Change Things When Change Is Hard,Chip Heath,4.6,55,"5,453",19.32,Hardcover,2015,Fiction
Every Thing On It,Shel Silverstein,4.9,56,"1,853",11.99,Hardcover,2015,Non Fiction
Miss Peregrine's Home for Peculiar Children,Ransom Riggs,4.3,57,"36,613",10.49,Hardcover,2015,
Moonwalking With Einstein: The Art and Science of Remembering Everything,Joshua Foer,4.5,58,"9,639",14.63,Hardcover,2015,Non Fiction
"Great Gatsby, the; (Us Import Ed.)",F. Scott Fitzgerald,4.4,59,"14,097",7.1,Paperback,2015,Non Fiction
The Help,Kathryn Stockett,4.7,60,"32,363",15.94,Hardcover,2015,Non Fiction
1Q84: A novel,Haruki Murakami,4.4,61,"8,963",26.59,Hardcover,2015,Non Fiction
Boomerang: Travels in the New Third World,Michael Lewis,4.4,62,"3,252",14.84,Hardcover,2015,Non Fiction
Who Moved My Cheese,Spencer Johnson,4.6,63,"24,135",11.35,Hardcover,2015,Non Fiction
"Strengths Based Leadership: Great Leaders, Teams, and Why People Follow",Tom Rath,4.5,64,"2,571",22.99,Hardcover,2015,Non Fiction
Elder Scrolls V: Skyrim: Prima Official Game Guide,,4.6,65,David Hodgson,107.99,Paperback,2015,Non Fiction
The Glass Castle: A Memoir (book),Jeannette Walls,4.6,66,"37,750",11.24,Paperback,2015,Non Fiction
The Book Thief,Markus Zusak,4.6,67,"65,550",7.83,Paperback,2015,Non Fiction
"The 4-Hour Workweek: Escape 9-5, Live Anywhere, and Join the New Rich",Timothy Ferriss,4.5,68,"25,295",13.79,Hardcover,2015,Non Fiction
"Oh, the Places You'll Go!  ",Dr. Seuss,4.9,69,"45,644",8.96,Hardcover,2015,Non Fiction
Through My Eyes,Tim Tebow,4.6,70,"1,236",13.58,Hardcover,2015,Non Fiction
The Land of Painted Caves: A Novel (Earth's Children),Jean M. Auel,4.2,71,"9,393",16.91,Hardcover,2015,Non Fiction
"The Social Animal: The Hidden Sources of Love, Character, and Achievement",David Brooks,4.4,72,"1,199",19.9,Hardcover,2015,Non Fiction
A Guide to the Project Management Body of Knowledge,Project Management Institute,4.5,73,748,23.88,Paperback,2015,Fiction
Guinness World Records 2012,Guinness World Records,4.5,74,508,21.39,Hardcover,2015,Fiction
State of Wonder,Ann Patchett,4.3,75,"9,526",23.79,Hardcover,2015,Fiction
A Visit from the Goon Squad,Jennifer Egan,4.0,76,"9,877",13.53,Paperback,2015,Fiction
"Prevent And Reverse Heart Disease: The Revolutionary, Scientifically Proven, Nutrition-Based Cure",,4.6,77,Caldwell B. Esselstyn Jr.,15.39,Paperback,2015,Fiction
Harry Potter Paperback Box Set (Books 1-7),J. K. Rowling,4.9,78,"109,389",38.97,Paperback,2015,Fiction
Explosive Eighteen: A Stephanie Plum Novel (Stephanie Plum Novels),Janet Evanovich,4.5,79,"9,271",13.39,Hardcover,2015,Fiction
The 7 Habits of Highly Effective Teens: The Ultimate Teenage Success Guide,Sean Covey,4.6,80,"12,832",10.95,Paperback,2015,Fiction
The Smitten Kitchen Cookbook: Recipes and Wisdom from an Obsessive Home Cook,Deb Perelman,4.7,51,"1,943",18.29,Hardcover,2016,Fiction
What to Expect When You're Expecting,Heidi Murkoff,4.8,52,"29,180",16.89,Paperback,2016,Fiction
The Walking Dead: Compendium One,Robert Kirkman,4.8,53,"8,435",38.88,Paperback,2016,Fiction
The Signal and the Noise: Why So Many Predictions Fail-But Some Don't,Nate Silver,4.4,54,"3,687",17.76,Hardcover,2016,Fiction
How to Tell If Your Cat Is Plotting to Kill You (The Oatmeal) (Volume 2),The Oatmeal,4.5,55,"12,509",8.99,Paperback,2016,Fiction
A Dance with Dragons (A Song of Ice and Fire),George R. R. Martin,4.6,56,"47,170",16.0,Hardcover,2016,Fiction
America Again: Re-becoming the Greatness We Never Weren't,Stephen Colbert,4.3,57,649,14.25,Hardcover,2016,Fiction
LEGO NINJAGO: Character Encyclopedia,,4.5,58,DK Publishing,,Hardcover,2016,Fiction
American Sniper: The Autobiography of the Most Lethal Sniper in U.S. Military History,Chris Kyle,4.5,59,"42,279",16.63,Hardcover,2016,Fiction
Outliers: The Story of Success,Malcolm Gladwell,4.6,60,"35,368",13.33,Paperback,2016,Non Fiction
Teach Like a Champion: 49 Techniques that Put Students on the Path to College,Doug Lemov,4.5,61,876,14.03,Paperback,2016,Non Fiction
Bared to You,Sylvia Day,4.4,62,"31,736",14.98,Paperback,2016,Non Fiction
The Four Agreements: A Practical Guide to Personal Freedom (A Toltec Wisdom Book),Don Miguel Ruiz,4.7,63,"105,354",7.74,Paperback,2016,Non Fiction
"Strengths Based Leadership: Great Leaders, Teams, and Why People Follow",Tom Rath,4.5,64,"2,571",22.99,Hardcover,2016,Non Fiction
The 17 Day Diet: A Doctor's Plan Designed for Rapid Results,,4.3,65,Mike Moreno,15.0,Hardcover,2016,Non Fiction
Crazy Love: Overwhelmed by a Relentless God,Francis Chan,4.7,66,"2,247",14.87,Paperback,2016,Non Fiction
Go the F**k to Sleep,Adam Mansbach,4.8,67,"21,988",14.35,Hardcover,2016,Non Fiction
Bring Up the Bodies,Hilary Mantel,4.5,68,"18,352",16.35,Hardcover,2016,Non Fiction
"Great by Choice: Uncertainty, Chaos, and Luck--Why Some Thrive Despite Them All (Good to Great, 5)",Jim Collins,4.6,69,"1,562",15.69,Hardcover,2016,Non Fiction
Eat to Live: The Amazing Nutrient-Rich Program for Fast and Sustained Weight Loss,,4.5,70,Joel Fuhrman MD,20.37,Mass Market Paperback,2016,Non Fiction
"Reflected in You (Crossfire, Book 2)",Sylvia Day,4.6,71,"23,223",16.29,Paperback,2016,Non Fiction
Who Moved My Cheese,Spencer Johnson,4.6,72,"24,135",11.35,Hardcover,2016,Non Fiction
The Book Thief,Markus Zusak,4.6,73,"65,550",7.83,Paperback,2016,Non Fiction
A Guide to the Project Management Body of Knowledge,Project Management Institute,4.5,74,748,23.88,Paperback,2016,Non Fiction
"Behind the Beautiful Forevers: Life, Death, and Hope in a Mumbai Undercity",Katherine Boo,4.2,75,"8,989",17.99,Hardcover,2016,Non Fiction
"Deadlocked (Sookie Stackhouse/True Blood, Book 12)",Charlaine Harris,4.5,76,"6,568",17.48,Hardcover,2016,Fiction
"Crucial Conversations Tools for Talking When Stakes Are High, Second Edition",Kerry Patterson,4.6,77,"11,897",15.29,Paperback,2016,Fiction
Forks Over Knives: The Plant-Based Way to Health. The #1 New York Times Bestseller,Gene Stone,4.5,78,"3,148",8.79,Paperback,2016,Non Fiction
The Jesus Storybook Bible: Every Story Whispers His Name,Sally Lloyd-Jones,4.9,79,"12,376",12.99,Hardcover,2016,Non Fiction
Notorious Nineteen: A Stephanie Plum Novel,Janet Evanovich,4.5,80,"14,260",15.98,Hardcover,2016,Non Fiction
"Unbroken: A World War II Story of Survival, Resilience, and Redemption",Laura Hillenbrand,4.7,51,"75,136",15.68,Hardcover,2016,Non Fiction
Ender's Game (The Ender Quintet),Orson Scott Card,4.6,52,"39,161",,Mass Market Paperback,2016,Non Fiction
The Gifts of Imperfection: Let Go of Who You Think You're Supposed to Be and Embrace Who You Are,Brené Brown,4.7,53,"39,634",,Paperback,2016,Non Fiction
"The Cuckoo's Calling (A Cormoran Strike Novel, 1)",Robert Galbraith,4.2,54,"69,001",19.43,Hardcover,2016,
What to Expect When You're Expecting,Heidi Murkoff,4.8,55,"29,180",16.89,Paperback,2016,Non Fiction
America the Beautiful: Rediscovering What Made This Nation Great,,4.7,56,Ben Carson  M.D.,8.0,Paperback,2016,Fiction
The Liberty Amendments: Restoring the American Republic,Mark R. Levin,4.8,57,"4,317",14.85,Hardcover,2016,Fiction
ZEALOT: The Life and Times of Jesus of Nazareth,Reza Aslan,4.4,58,"10,716",19.98,Hardcover,2016,Fiction
The One and Only Ivan: A Newbery Award Winner,,4.8,59,Katherine Applegate,10.64,Hardcover,2016,Fiction
Good to Great: Why Some Companies Make the Leap and Others Don't,Jim Collins,4.5,60,"8,256",14.55,Hardcover,2016,Fiction
SI-COLOGY 1: Tales and Wisdom from Duck Dynasty's Favorite Uncle,Si Robertson,4.7,61,"2,556",14.76,Hardcover,2016,Fiction
"IT'S ALL GOOD: Delicious, Easy Recipes That Will Make You Look Good and Feel Great",Gwyneth Paltrow,4.5,62,"1,461",22.33,Hardcover,2016,Non Fiction
Outliers: The Story of Success,Malcolm Gladwell,4.6,63,"35,368",13.33,Paperback,2016,Non Fiction
Jerusalem: A Cookbook,Yotam Ottolenghi,4.8,64,"5,447",19.29,Hardcover,2016,Fiction
"Becoming a Supple Leopard: Movement, Mobility, and Maintenance of the Human Animal",,4.7,65,Kelly Starrett,42.28,Hardcover,2016,Fiction
"Grain Brain: The Surprising Truth about Wheat, Carbs, and Sugar--Your Brain's Silent Killers",,4.5,66,David Perlmutter MD,10.99,Hardcover,2016,
Looking for Alaska,John Green,4.5,67,"31,179",7.64,Paperback,2016,Fiction
I Am Malala: The Girl Who Stood Up for Education and Was Shot by the Taliban,Malala Yousafzai,4.5,68,"19,670",15.19,Hardcover,2016,Fiction
Love You Forever,Robert Munsch,4.9,69,"57,852",4.98,Paperback,2016,Non Fiction
The Perks of Being a Wallflower,Stephen Chbosky,4.7,70,"37,148",12.69,Paperback,2016,Non Fiction
Practical Paleo: A Customized Approach to Health and a Whole-Foods Lifestyle,,4.6,71,Diane Sanfilippo,17.41,Paperback,2016,Non Fiction
Fifty Shades Trilogy (Fifty Shades of Grey / Fifty Shades Darker / Fifty Shades Freed),E L James,4.6,72,"69,265",21.59,Paperback,2016,Non Fiction
"The FastDiet: Lose Weight, Stay Healthy, and Live Longer with the Simple Secret of Intermittent Fasting",,4.3,73,Dr Dr Michael Mosley,,Hardcover,2016,Non Fiction
The Jesus Storybook Bible: Every Story Whispers His Name,Sally Lloyd-Jones,4.9,74,"12,376",12.99,Hardcover,2016,Non Fiction
Divergent / Insurgent,Veronica Roth,4.5,75,"59,820",9.5,Hardcover,2016,Non Fiction
How to Win Friends & Influence People (Dale Carnegie Books),Dale Carnegie,4.7,76,"105,360",10.3,Paperback,2016,Non Fiction
"The Bully Pulpit: Theodore Roosevelt, William Howard Taft, and the Golden Age of Journalism",Doris Kearns Goodwin,4.5,77,"4,134",19.99,Hardcover,2016,Non Fiction
The Hunger Games (Book 1),Suzanne Collins,4.7,78,"76,522",,Paperback,2016,Non Fiction
ObamaCare Survival Guide: The Affordable Care Act and What It Means for You and Your Healthcare,,3.8,79,Nick J. Tate,8.57,Paperback,2016,Non Fiction
The Harbinger: The Ancient Mystery that Holds the Secret of America's Future,Jonathan Cahn,4.7,80,"23,833",10.59,Paperback,2016,Fiction
Allegiant,Veronica Roth,4.1,51,"66,453",8.95,Hardcover,2017,Non Fiction
Yes Please,Amy Poehler,4.2,52,"20,435",13.29,Hardcover,2017,Non Fiction
"The Five Dysfunctions of a Team: A Leadership Fable, 20th Anniversary Edition",,4.6,53,Patrick Lencioni,22.23,Hardcover,2017,Non Fiction
The Four Agreements: A Practical Guide to Personal Freedom (A Toltec Wisdom Book),Don Miguel Ruiz,4.7,54,"105,354",7.74,Paperback,2017,Non Fiction
The 7 Habits of Highly Effective People: Powerful Lessons in Personal Change,Stephen R. Covey,4.7,55,"9,345",20.8,Paperback,2017,Non Fiction
41: A Portrait of My Father,George W. Bush,4.6,56,"5,027",11.4,Hardcover,2017,Non Fiction
Minecraft: The Complete Handbook Collection,Stephanie Milton,4.8,57,"1,428",49.0,Hardcover,2017,Fiction
Frozen: A Tale of Two Sisters,Melissa Lagonegro,4.4,58,"2,242",3.75,Paperback,2017,Fiction
Rush Revere and the Brave Pilgrims: Time-Travel Adventures with Exceptional Americans (1),Rush Limbaugh,4.9,59,"10,132",11.82,Hardcover,2017,Fiction
The Gifts of Imperfection: Let Go of Who You Think You're Supposed to Be and Embrace Who You Are,Brené Brown,4.7,60,"39,634",,Paperback,2017,Fiction
Divergent / Insurgent / Allegiant,Veronica Roth,4.6,61,"4,638",,Hardcover,2017,Fiction
Heaven is for Real: A Little Boy's Astounding Story of His Trip to Heaven and Back,Todd Burpo,4.6,62,"24,835",10.49,Paperback,2017,Non Fiction
Flash Boys,Michael Lewis,4.5,63,"17,726",15.95,Hardcover,2017,Non Fiction
Rush Revere and the American Revolution: Time-Travel Adventures With Exceptional Americans,Rush Limbaugh,4.9,64,"4,870",11.63,Hardcover,2017,
Dear Zoo: A Lift-the-Flap Book,,4.8,65,Rod Campbell,5.0,Board book,2017,Non Fiction
The Going To Bed Book,Sandra Boynton,4.8,66,"16,779",3.97,Board book,2017,Non Fiction
The World of Ice & Fire: The Untold History of Westeros and the Game of Thrones,George R. R. Martin,4.7,67,"10,254",34.99,Hardcover,2017,Non Fiction
The Real ACT Prep Guide,,4.4,68,ACT,64.94,Paperback,2017,Non Fiction
Gray Mountain: A Novel,John Grisham,4.0,69,"85,588",15.0,Hardcover,2017,Non Fiction
What to Expect When You're Expecting,Heidi Murkoff,4.8,70,"29,180",16.89,Paperback,2017,Non Fiction
The Jesus Storybook Bible: Every Story Whispers His Name,Sally Lloyd-Jones,4.9,71,"12,376",12.99,Hardcover,2017,Fiction
"Lean In: Women, Work, and the Will to Lead",Sheryl Sandberg,4.5,72,"16,972",15.0,Hardcover,2017,Non Fiction
The Invention of Wings,Sue Monk Kidd,4.5,73,"53,289",13.92,Hardcover,2017,Non Fiction
Lord of the Flies,William Golding,4.5,74,"44,046",5.79,Mass Market Paperback,2017,Non Fiction
Night (Night),Elie Wiesel,4.7,75,"19,815",6.27,Paperback,2017,Non Fiction
The Catcher in the Rye,J.D. Salinger,4.5,76,"34,374",8.93,Mass Market Paperback,2017,Non Fiction
"Soul Healing Miracles: Ancient and New Sacred Wisdom, Knowledge, and Practical Techniques for Healing the Spiritual, Mental, Emotional, and Physical Bodies",Zhi Gang Sha,4.6,77,285,13.1,Hardcover,2017,Non Fiction
"The Care and Keeping of You: The Body Book for Younger Girls, Revised Edition (American Girl Library)",,4.8,78,Valorie Schaefer,8.53,Paperback,2017,Non Fiction
"The Skinnytaste Cookbook: Light on Calories, Big on Flavor",Gina Homolka,4.7,79,"8,608",17.89,Hardcover,2017,Non Fiction
Fahrenheit 451,Ray Bradbury,4.6,80,"46,748",8.36,Paperback,2017,Fiction
Diary of a Minecraft Zombie Book 1: A Scare of A Dare (Minecraft Adventure),Zack Zombie,4.7,51,"18,112",6.71,Paperback,2017,Fiction
"Great Gatsby, the; (Us Import Ed.)",F. Scott Fitzgerald,4.4,52,"14,097",7.1,Paperback,2017,Fiction
Lost Ocean: An Inky Adventure and Coloring Book for Adults,Johanna Basford,4.7,53,"8,268",14.95,Paperback,2017,Fiction
"The Five Dysfunctions of a Team: A Leadership Fable, 20th Anniversary Edition",,4.6,54,Patrick Lencioni,22.23,Hardcover,2017,Fiction
The Official SAT Study Guide,,4.4,55,The College Board,,Paperback,2017,Fiction
10-Day Green Smoothie Cleanse,JJ Smith,4.7,56,"37,377",9.89,Paperback,2017,Fiction
The Gifts of Imperfection: Let Go of Who You Think You're Supposed to Be and Embrace Who You Are,Brené Brown,4.7,57,"39,634",,Paperback,2017,Fiction
Chicka Chicka Boom Boom (Board Book),,4.9,58,Bill Martin Jr.,4.59,Board book,2017,Fiction
The Day the Crayons Came Home,Drew Daywalt,4.8,59,"5,722",13.18,Hardcover,2017,Fiction
What If?: Serious Scientific Answers to Absurd Hypothetical Questions,Randall Munroe,4.6,60,"28,909",20.5,Hardcover,2017,Fiction
Paper Towns,John Green,4.2,61,"35,377",7.68,Paperback,2017,Fiction
"Unbroken: A World War II Story of Survival, Resilience, and Redemption",Laura Hillenbrand,4.7,62,"75,136",12.49,Paperback,2017,
Get What's Yours: The Secrets to Maxing Out Your Social Security (The Get What's Yours Series),Laurence J. Kotlikoff,4.2,63,"3,518",13.0,Hardcover,2017,Fiction
"Magnus Chase and the Gods of Asgard, Book 1: The Sword of Summer",Rick Riordan,4.6,64,"22,225",11.46,Hardcover,2017,Fiction
Dragons Love Tacos,Adam Rubin,4.8,65,"17,468",9.92,Hardcover,2017,Fiction
Fahrenheit 451,Ray Bradbury,4.6,66,"46,748",8.36,Paperback,2017,Fiction
"The Care and Keeping of You: The Body Book for Younger Girls, Revised Edition (American Girl Library)",,4.8,67,Valorie Schaefer,8.53,Paperback,2017,Fiction
Potty (Leslie Patricelli board books),Leslie Patricelli,4.7,68,"13,553",7.99,Board book,2017,Fiction
Thing Explainer: Complicated Stuff in Simple Words,Randall Munroe,4.5,69,"4,321",20.49,Hardcover,2017,Fiction
Dead Wake: The Last Crossing of the Lusitania,Erik Larson,4.4,70,"30,836",16.03,Hardcover,2017,Fiction
The Going To Bed Book,Sandra Boynton,4.8,71,"16,779",3.97,Board book,2017,Fiction
"Inspiralized: Turn Vegetables into Healthy, Creative, Satisfying Meals: A Cookbook",Ali Maffucci,4.4,72,"3,837",12.99,Paperback,2017,Fiction
Mystical Mandala Coloring Book (Dover Mandala Coloring Books),Alberta Hutchinson,4.5,73,"2,978",3.99,Paperback,2017,Fiction
"Diagnostic and Statistical Manual of Mental Disorders, 5th Edition: DSM-5",American Psychiatric Association,4.7,74,"12,812",141.08,Paperback,2017,Fiction
Ultimate Sticker Book: Frozen: More Than 60 Reusable Full-Color Stickers,,4.6,75,DK,6.99,Paperback,2017,Fiction
The 20/20 Diet: Turn Your Weight Loss Vision Into Reality,,4.0,76,Phil McGraw,16.52,Hardcover,2017,Fiction
Night (Night),Elie Wiesel,4.7,77,"19,815",6.27,Paperback,2017,Fiction
What to Expect When You're Expecting,Heidi Murkoff,4.8,78,"29,180",16.89,Paperback,2017,Fiction
The Jesus Storybook Bible: Every Story Whispers His Name,Sally Lloyd-Jones,4.9,79,"12,376",12.99,Hardcover,2017,Fiction
The Road to Character,David Brooks,4.3,80,"5,957",14.63,Hardcover,2017,Non Fiction
Fahrenheit 451,Ray Bradbury,4.6,51,"46,748",8.36,Paperback,2018,Non Fiction
Love You Forever,Robert Munsch,4.9,52,"57,852",4.98,Paperback,2018,Non Fiction
"Great Gatsby, the; (Us Import Ed.)",F. Scott Fitzgerald,4.4,53,"14,097",7.1,Paperback,2018,Non Fiction
"The Five Dysfunctions of a Team: A Leadership Fable, 20th Anniversary Edition",,4.6,54,Patrick Lencioni,22.23,Hardcover,2018,Non Fiction
All the Light We Cannot See,Anthony Doerr,4.5,55,"212,202",18.99,Hardcover,2018,Non Fiction
"Brown Bear, Brown Bear, What Do You See?",,4.9,56,Bill Martin Jr.,4.94,Board book,2018,Non Fiction
"The Alchemist, 25th Anniversary: A Fable About Following Your Dream",Paulo Coelho,4.6,57,"136,656",13.89,Paperback,2018,Non Fiction
"Fervent: A Woman's Battle Plan to Serious, Specific and Strategic Prayer",Priscilla Shirer,4.9,58,"10,515",10.52,Paperback,2018,Non Fiction
The Whistler,John Grisham,4.4,59,"66,258",15.68,Hardcover,2018,Non Fiction
If Animals Kissed Good Night,Ann Whitford Paul,4.8,60,"72,084",4.19,Board book,2018,Non Fiction
Cooking for Jeffrey: A Barefoot Contessa Cookbook,Ina Garten,4.7,61,"2,566",17.84,Hardcover,2018,Fiction
"The Trials of Apollo, Book 1: The Hidden Oracle",Rick Riordan,4.7,62,"21,462",11.2,Hardcover,2018,Fiction
Knock-Knock Jokes for Kids: Knock-Knock Jokes for Kids (Joke Book & Gift Idea for Children Ages 6-12. Doubles as a Dad Jokes book for Father's Day and Birthdays) (Laugh-Out-Loud Jokes for Kids),Rob Elliott,4.5,63,"5,903",4.99,Paperback,2018,Non Fiction
Puppy Birthday to You! (Paw Patrol) (Little Golden Book),,4.8,64,Golden Books,4.02,Hardcover,2018,Non Fiction
The Gifts of Imperfection: Let Go of Who You Think You're Supposed to Be and Embrace Who You Are,Brené Brown,4.7,65,"39,634",,Paperback,2018,Non Fiction
"Crisis of Character: A White House Secret Service Officer Discloses His Firsthand Experience with Hillary, Bill, and How They Operate",Gary J. Byrne,4.1,66,"12,402",14.25,Hardcover,2018,Fiction
First 100 Animals,Roger Priddy,4.8,67,"9,804",5.99,Board book,2018,Fiction
"Adult Coloring Books: A Coloring Book for Adults Featuring Mandalas and Henna Inspired Flowers, Animals, and Paisley Patterns",Coloring Books for Adults,4.5,68,"3,175",8.49,Paperback,2018,Fiction
Goodnight Moon,Margaret Wise Brown,4.9,69,"26,577",5.36,Board book,2018,Fiction
"Daring Greatly: How the Courage to Be Vulnerable Transforms the Way We Live, Love, Parent, and Lead",Brené Brown,4.8,70,"12,013",9.05,Paperback,2018,Fiction
Miss Peregrine's Home for Peculiar Children (Miss Peregrine's Peculiar Children),Ransom Riggs,4.3,71,"36,613",8.89,Paperback,2018,Fiction
Grit: The Power of Passion and Perseverance,Angela Duckworth,4.6,72,"17,745",15.46,Hardcover,2018,Fiction
Emotional Intelligence 2.0,Travis Bradberry,4.5,73,"12,414",14.98,Hardcover,2018,Fiction
The Underground Railroad (Pulitzer Prize Winner) (National Book Award Winner) (Oprah's Book Club): A Novel,Colson Whitehead,4.4,74,"56,296",13.93,Hardcover,2018,Fiction
The Outsiders,S. E. Hinton,4.8,75,"35,112",8.46,Paperback,2018,Fiction
The Food Lab: Better Home Cooking Through Science,J. Kenji López-Alt,4.9,76,"9,595",27.99,Hardcover,2018,Fiction
Me Before You: A Novel (Movie Tie-In),Jojo Moyes,4.6,77,"1,234",17.95,Paperback,2018,Non Fiction
Chicka Chicka Boom Boom (Board Book),,4.9,78,Bill Martin Jr.,4.59,Board book,2018,Non Fiction
"The Care and Keeping of You: The Body Book for Younger Girls, Revised Edition (American Girl Library)",,4.8,79,Valorie Schaefer,8.53,Paperback,2018,Non Fiction
Potty (Leslie Patricelli board books),Leslie Patricelli,4.7,80,"13,553",7.99,Board book,2018,Non Fiction
"The Care and Keeping of You: The Body Book for Younger Girls, Revised Edition (American Girl Library)",,4.8,51,Valorie Schaefer,8.53,Paperback,2018,Non Fiction
"Uninvited: Living Loved When You Feel Less Than, Left Out, and Lonely",Lysa TerKeurst,4.7,52,"11,531",10.44,Paperback,2018,
Big Little Lies,Liane Moriarty,4.4,53,"156,404",15.23,Paperback,2018,Fiction
The Official SAT Study Guide,The College Board,4.5,54,"2,396",,Paperback,2018,Non Fiction
The Whole30 Cookbook: 150 Delicious and Totally Compliant Recipes to Help You Succeed with the Whole30 and Beyond,,4.6,55,Melissa Hartwig Urban,17.0,Hardcover,2018,Non Fiction
"Thinking, Fast and Slow",Daniel Kahneman,4.6,56,"39,285",11.29,Paperback,2018,Non Fiction
"Jesus Calling, Padded Hardcover, with Scripture references",Sarah Young,4.9,57,"39,395",8.89,Hardcover,2018,Non Fiction
What to Expect When You're Expecting,Heidi Murkoff,4.8,58,"29,180",12.7,Paperback,2018,Non Fiction
The Glass Castle: A Memoir (book),Jeannette Walls,4.6,59,"37,750",11.24,Paperback,2018,Non Fiction
"Great Gatsby, the; (Us Import Ed.)",F. Scott Fitzgerald,4.4,60,"14,097",7.1,Paperback,2018,Non Fiction
The Wisdom of Sundays: Life-Changing Insights from Super Soul Conversations,Oprah Winfrey,4.7,61,"2,629",14.17,Hardcover,2018,Non Fiction
P is for Potty! (Sesame Street) (Lift-the-Flap),,4.7,62,Naomi Kleinberg,5.68,Board book,2018,Non Fiction
The Rooster Bar,John Grisham,4.2,63,"22,305",15.25,Hardcover,2018,Non Fiction
The Giving Tree,Shel Silverstein,4.9,64,"30,387",10.74,Hardcover,2018,Non Fiction
She Persisted: 13 American Women Who Changed the World,Chelsea Clinton,4.8,65,"3,304",10.09,Hardcover,2018,Fiction
On Tyranny: Twenty Lessons from the Twentieth Century,Timothy Snyder,4.7,66,"24,681",6.38,Paperback,2018,Fiction
"The Alchemist, 25th Anniversary: A Fable About Following Your Dream",Paulo Coelho,4.6,67,"136,656",13.89,Paperback,2018,Non Fiction
Fahrenheit 451,Ray Bradbury,4.6,68,"46,748",8.36,Paperback,2018,Non Fiction
Camino Island: A Novel,John Grisham,4.3,69,"42,732",14.66,Hardcover,2018,Non Fiction
Turtles All the Way Down,John Green,4.6,70,"14,567",11.34,Hardcover,2018,Non Fiction
The Gifts of Imperfection: Let Go of Who You Think You're Supposed to Be and Embrace Who You Are,Brené Brown,4.7,71,"39,634",,Paperback,2018,Non Fiction
Love You Forever,Robert Munsch,4.9,72,"57,852",4.98,Paperback,2018,Non Fiction
"The Pioneer Woman Cooks―Come and Get It!: Simple, Scrumptious Recipes for Crazy Busy Lives",Ree Drummond,4.8,73,"4,906",16.05,Hardcover,2018,Non Fiction
Mindset: The New Psychology of Success,Carol S. Dweck,4.6,74,"26,367",12.98,Paperback,2018,Non Fiction
Where Is Baby's Belly Button? A Lift-the-Flap Book,Karen Katz,4.8,75,"13,291",5.0,Board book,2018,Non Fiction
Grant,Ron Chernow,4.8,76,"9,271",20.9,Hardcover,2018,Non Fiction
,,4.6,77,840,11.55,,2018,Non Fiction
Sapiens: A Brief History of Humankind,Yuval Noah Harari,4.6,78,"131,771",21.45,Hardcover,2018,Non Fiction
The Intelligent Investor Rev Ed.: The Definitive Book on Value Investing,Benjamin Graham,4.7,79,"37,463",17.98,Paperback,2018,Non Fiction
"The Plant Paradox: The Hidden Dangers in ""Healthy"" Foods That Cause Disease and Weight Gain (The Plant Paradox, 1)",,4.4,80,Dr. Steven R Gundry  MD,16.49,Hardcover,2018,Non Fiction
"The Alchemist, 25th Anniversary: A Fable About Following Your Dream",Paulo Coelho,4.6,51,"136,656",13.89,Paperback,2019,Non Fiction
Wonder,R. J. Palacio,4.7,52,"82,598",9.4,Hardcover,2019,Non Fiction
To Kill a Mockingbird,Harper Lee,4.7,53,"128,056",8.89,Paperback,2019,Non Fiction
The Whole30: The 30-Day Guide to Total Health and Food Freedom,,4.6,54,Melissa Hartwig Urban,15.68,Hardcover,2019,Non Fiction
The Keto Diet: The Complete Guide to a High-Fat Diet,Leanne Vogel,4.4,55,"7,565",18.29,Paperback,2019,Non Fiction
Everybody Always: Becoming Love in a World Full of Setbacks and Difficult People,Bob Goff,4.8,56,"6,852",11.29,Paperback,2019,Non Fiction
Before We Were Yours: A Novel,Lisa Wingate,4.7,57,"53,668",14.53,Hardcover,2019,Non Fiction
The Reckoning: A Novel,John Grisham,4.2,58,"29,947",15.68,Hardcover,2019,Non Fiction
"Brown Bear, Brown Bear, What Do You See?",,4.9,59,Bill Martin Jr.,4.94,Board book,2019,Non Fiction
Beneath a Scarlet Sky: A Novel,Mark Sullivan,4.7,60,"91,656",13.46,Paperback,2019,Non Fiction
What to Expect When You're Expecting,Heidi Murkoff,4.8,61,"29,180",12.7,Paperback,2019,Non Fiction
Principles: Life and Work,Ray Dalio,4.6,62,"13,585",16.59,Hardcover,2019,Non Fiction
Astrophysics for People in a Hurry,Neil deGrasse Tyson,4.7,63,"23,155",9.99,Hardcover,2019,Non Fiction
Laugh-Out-Loud Jokes for Kids,Rob Elliott,4.6,64,"11,598",4.99,Paperback,2019,Non Fiction
"Medical Medium Liver Rescue: Answers to Eczema, Psoriasis, Diabetes, Strep, Acne, Gout, Bloating, Gallstones, Adrenal Stress, Fatigue, Fatty Liver, Weight Issues, SIBO & Autoimmune Disease",Anthony William,4.7,65,"11,425",17.51,Hardcover,2019,Non Fiction
The Official SAT Study Guide,The College Board,4.5,66,"2,396",,Paperback,2019,Non Fiction
Calm the F*ck Down: An Irreverent Adult Coloring Book,Sasha O'Hara,4.6,67,"21,282",4.99,Paperback,2019,Fiction
"The Care and Keeping of You: The Body Book for Younger Girls, Revised Edition (American Girl Library)",,4.8,68,Valorie Schaefer,8.53,Paperback,2019,Non Fiction
The Outsider: A Novel,Stephen King,4.6,69,"32,830",15.68,Hardcover,2019,Fiction
Where the Crawdads Sing,Delia Owens,4.8,70,"429,983",14.69,Hardcover,2019,Fiction
D&D Dungeon Master’s Guide (Dungeons & Dragons Core Rulebook),,4.9,71,Dungeons & Dragons,27.97,Hardcover,2019,Fiction
Sapiens: A Brief History of Humankind,,4.6,72,Yuval Harari,14.5,Paperback,2019,Fiction
Love You Forever,Robert Munsch,4.9,73,"57,852",4.98,Paperback,2019,Fiction
Dragons Love Tacos,Adam Rubin,4.8,74,"17,468",9.92,Hardcover,2019,Non Fiction
The Woman in the Window: A Novel,A. J. Finn,4.4,75,"68,228",14.1,Hardcover,2019,Fiction
D&D Monster Manual (Dungeons & Dragons Core Rulebook),,4.9,76,Dungeons & Dragons,27.49,Hardcover,2019,Fiction
Simply Keto: A Practical Approach to Health & Weight Loss with 100+ Easy Low-Carb Recipes,Suzanne Ryan,4.6,77,"9,641",18.29,Paperback,2019,Fiction
StrengthsFinder 2.0,,4.1,78,Gallup,20.96,Hardcover,2019,Fiction
Extreme Ownership: How U.S. Navy SEALs Lead and Win (New Edition),Jocko Willink,4.8,79,"31,626",17.98,Hardcover,2019,Fiction
The Russia Hoax: The Illicit Scheme to Clear Hillary Clinton and Frame Donald Trump,Gregg Jarrett,4.8,80,"4,808",14.98,Hardcover,2019,Fiction
Zen as F*ck (Zen as F*ck Journals),Monica Sweeney,4.7,51,"24,189",12.0,Paperback,2019,Fiction
Rich Dad Poor Dad: What the Rich Teach Their Kids About Money That the Poor and Middle Class Do Not!,Robert T. Kiyosaki,4.7,52,"83,412",7.61,Mass Market Paperback,2019,Fiction
The Institute: A Novel,Stephen King,4.7,53,"40,001",16.99,Hardcover,2019,Fiction
The Testaments: The Sequel to The Handmaid's Tale,Margaret Atwood,4.6,54,"45,131",15.99,Hardcover,2019,Non Fiction
Super Deluxe Essential Handbook (Pokémon): The Need-to-Know Stats and Facts on Over 800 Characters,Scholastic,4.8,55,"21,187",14.99,Paperback,2019,Non Fiction
Lettering and Modern Calligraphy: A Beginner's Guide: Learn Hand Lettering and Brush Lettering,Paper Peony Press,4.5,56,"20,938",6.99,Paperback,2019,Non Fiction
"Carson Dellosa Sight Words Flash Cards Kindergarten, First Words Flash Cards, High Frequency Vocabulary Words, and Picture Words Flash Cards for Toddlers Ages 4+",,4.8,57,Brighter Child,,Cards,2019,Non Fiction
Atomic Habits: An Easy & Proven Way to Build Good Habits & Break Bad Ones,James Clear,4.8,58,"101,451",13.49,Hardcover,2019,Fiction
Make Your Bed: Little Things That Can Change Your Life...And Maybe the World,,4.7,59,Admiral William H. McRaven,11.58,Hardcover,2019,
The Gifts of Imperfection: Let Go of Who You Think You're Supposed to Be and Embrace Who You Are,Brené Brown,4.7,60,"39,634",,Paperback,2019,
Sapiens: A Brief History of Humankind,,4.6,61,Yuval Harari,14.5,Paperback,2019,Fiction
What to Expect When You're Expecting,Heidi Murkoff,4.8,62,"29,180",12.7,Paperback,2019,Fiction
Where the Crawdads Sing,Delia Owens,4.8,63,"429,983",11.81,Paperback,2019,Fiction
"Daring Greatly: How the Courage to Be Vulnerable Transforms the Way We Live, Love, Parent, and Lead",Brené Brown,4.8,64,"12,013",9.05,Paperback,2019,Fiction
"The Alchemist, 25th Anniversary: A Fable About Following Your Dream",Paulo Coelho,4.6,65,"136,656",13.89,Paperback,2019,Fiction
"Publication Manual of the American Psychological Association, 6th Edition",American Psychological Association,4.5,66,"12,910",19.78,Paperback,2019,Fiction
The Pout-Pout Fish,Deborah Diesen,4.8,67,"25,361",4.98,Board book,2019,Fiction
Talking to Strangers: What We Should Know about the People We Don't Know,Malcolm Gladwell,4.5,68,"17,081",15.68,Hardcover,2019,Fiction
Dear Zoo: A Lift-the-Flap Book,,4.8,69,Rod Campbell,5.0,Board book,2019,Fiction
The Overstory: A Novel,Richard Powers,4.4,70,"17,609",15.95,Paperback,2019,Fiction
Fahrenheit 451,Ray Bradbury,4.6,71,"46,748",8.36,Paperback,2019,Non Fiction
StrengthsFinder 2.0,,4.1,72,Gallup,20.96,Hardcover,2019,Non Fiction
12 Rules for Life: An Antidote to Chaos,Jordan B. Peterson,4.7,73,"72,836",15.94,Hardcover,2019,Non Fiction
Eleanor Oliphant Is Completely Fine: A Novel,Gail Honeyman,4.5,74,"157,384",8.31,Paperback,2019,Non Fiction
Me: Elton John Official Autobiography,Elton John,4.8,75,"24,175",14.0,Hardcover,2019,Non Fiction
The Road Back to You: An Enneagram Journey to Self-Discovery,Ian Morgan Cron,4.7,76,"11,641",13.29,Hardcover,2019,Non Fiction
The Tattooist of Auschwitz: A Novel,Heather Morris,4.7,77,"122,384",9.39,Paperback,2019,Non Fiction
People of Walmart Adult Coloring Book: Rolling Back Dignity,,4.7,78,Andrew Kipple,11.99,Paperback,2019,Non Fiction
"Great Gatsby, the; (Us Import Ed.)",F. Scott Fitzgerald,4.4,79,"14,097",7.1,Paperback,2019,Fiction
The Complete Cookbook for Young Chefs: 100+ Recipes that You'll Love to Cook and Eat,,4.8,80,America’s Test Kitchen Kids,10.44,Hardcover,2019,Non Fiction
